{"inputUnits":[34],"outputUnits":3,"inputs":{"0":{"dtype":"number","min":-24.7160499661813,"max":228.6158520887798},"1":{"dtype":"number","min":5.358300739689099,"max":280.17382788750916},"2":{"dtype":"number","min":-25.598226910899122,"max":228.6233686751429},"3":{"dtype":"number","min":41.496333378298274,"max":280.63643637334326},"4":{"dtype":"number","min":-25.16707409216736,"max":215.64494923394943},"5":{"dtype":"number","min":37.599926811247954,"max":278.997143697182},"6":{"dtype":"number","min":-26.354745946505655,"max":241.53362229640382},"7":{"dtype":"number","min":30.749652818019285,"max":283.000367160901},"8":{"dtype":"number","min":-24.205438636156373,"max":281.67718078375793},"9":{"dtype":"number","min":31.530829284905465,"max":280.29671160627436},"10":{"dtype":"number","min":-25.167543878815057,"max":245.6098029585664},"11":{"dtype":"number","min":40.69405792473819,"max":284.80383134537635},"12":{"dtype":"number","min":-26.91111805837906,"max":265.49632150375425},"13":{"dtype":"number","min":41.39481404226578,"max":283.745649167072},"14":{"dtype":"number","min":-29.92169792086234,"max":233.87959996086153},"15":{"dtype":"number","min":-54.73749776758572,"max":280.22742364193215},"16":{"dtype":"number","min":-29.394572810904062,"max":225.7351827064841},"17":{"dtype":"number","min":-57.651548719591666,"max":283.2718904844054},"18":{"dtype":"number","min":-30.150317032513453,"max":234.02111483919018},"19":{"dtype":"number","min":-44.10159819784795,"max":278.35736107733464},"20":{"dtype":"number","min":-36.78356200340657,"max":222.43349542877556},"21":{"dtype":"number","min":-54.11319138938815,"max":279.7622858782223},"22":{"dtype":"number","min":-26.600729352305372,"max":235.16981666654002},"23":{"dtype":"number","min":-56.86140142062295,"max":281.648735313564},"24":{"dtype":"number","min":-26.40923897116101,"max":228.17915979526387},"25":{"dtype":"number","min":-55.66381907184764,"max":284.51706110735347},"26":{"dtype":"number","min":-31.36513186799877,"max":232.65993585846306},"27":{"dtype":"number","min":-57.74042487979399,"max":282.42850099556176},"28":{"dtype":"number","min":-28.26669522296594,"max":237.84566797634972},"29":{"dtype":"number","min":-43.290685215812715,"max":282.21112559277725},"30":{"dtype":"number","min":-30.39424540003914,"max":232.5888310888862},"31":{"dtype":"number","min":-57.28126042733397,"max":259.2114934661509},"32":{"dtype":"number","min":-30.442876110744848,"max":240.11610454158563},"33":{"dtype":"number","min":-57.33413904093583,"max":255.35995542771158}},"outputs":{"0":{"dtype":"string","min":0,"max":1,"uniqueValues":["up","down","NULL"],"legend":{"up":[1,0,0],"down":[0,1,0],"NULL":[0,0,1]}}},"isNormalized":true}