{"inputUnits":[34],"outputUnits":3,"inputs":{"0":{"dtype":"number","min":-10.822659800488662,"max":250.82093472610654},"1":{"dtype":"number","min":-14.502841489324311,"max":304.130738254651},"2":{"dtype":"number","min":-8.15154309402644,"max":237.61240443366975},"3":{"dtype":"number","min":-10.958388065085801,"max":220.2734921229025},"4":{"dtype":"number","min":-10.424267364383208,"max":263.202587083156},"5":{"dtype":"number","min":-7.1364037257688056,"max":306.9929189719115},"6":{"dtype":"number","min":-13.447496955960641,"max":302.3616330632904},"7":{"dtype":"number","min":-13.249476317765648,"max":294.21335064483526},"8":{"dtype":"number","min":-11.741487896396029,"max":250.3856139424246},"9":{"dtype":"number","min":-9.476525124872705,"max":297.66312536098616},"10":{"dtype":"number","min":4.625637058154155,"max":198.22648935280887},"11":{"dtype":"number","min":-17.451102260485698,"max":217.9913353827213},"12":{"dtype":"number","min":10.330730838998283,"max":169.3500978937409},"13":{"dtype":"number","min":-16.74170438417665,"max":242.3843680652663},"14":{"dtype":"number","min":-6.321362298750229,"max":299.48705532207566},"15":{"dtype":"number","min":0.8835799731169229,"max":312.0747013314689},"16":{"dtype":"number","min":-10.406763915421898,"max":300.6181412633755},"17":{"dtype":"number","min":1.5711445288899344,"max":282.34852594160384},"18":{"dtype":"number","min":-14.531256902078711,"max":304.81399951741855},"19":{"dtype":"number","min":-2.141281834836136,"max":298.6300219821559},"20":{"dtype":"number","min":-12.106483177452237,"max":272.021448751368},"21":{"dtype":"number","min":-13.410893674026669,"max":301.33763175994045},"22":{"dtype":"number","min":-7.570631309242101,"max":190.31781148353903},"23":{"dtype":"number","min":-9.822596464639508,"max":292.57575009119654},"24":{"dtype":"number","min":-11.072933627473706,"max":297.9665140233615},"25":{"dtype":"number","min":-13.034989768892876,"max":310.83870379377436},"26":{"dtype":"number","min":-9.108229091659132,"max":256.4065777374149},"27":{"dtype":"number","min":54.60463794752782,"max":282.83810151690176},"28":{"dtype":"number","min":-11.50110519349807,"max":302.8995499072836},"29":{"dtype":"number","min":44.37859828370091,"max":298.32675800249274},"30":{"dtype":"number","min":-6.341727883899258,"max":236.05520641757357},"31":{"dtype":"number","min":109.70724974160993,"max":303.62199716530887},"32":{"dtype":"number","min":-7.488440910665906,"max":220.66342839934947},"33":{"dtype":"number","min":76.06325854587185,"max":275.2742604059004}},"outputs":{"0":{"dtype":"string","min":0,"max":1,"uniqueValues":["NULL","up","down"],"legend":{"NULL":[1,0,0],"up":[0,1,0],"down":[0,0,1]}}},"isNormalized":true}