{"inputUnits":[34],"outputUnits":6,"inputs":{"0":{"dtype":"number","min":-10.822659800488662,"max":293.0189971330101},"1":{"dtype":"number","min":-5.2247277493606745,"max":301.6375114945586},"2":{"dtype":"number","min":-8.15154309402644,"max":305.3965527723736},"3":{"dtype":"number","min":-7.017778700891636,"max":303.1437499050037},"4":{"dtype":"number","min":-10.424267364383208,"max":307.12974934262525},"5":{"dtype":"number","min":-4.323471566582469,"max":306.9929189719115},"6":{"dtype":"number","min":-13.447496955960641,"max":302.3616330632904},"7":{"dtype":"number","min":-5.799500023808461,"max":295.0203684053532},"8":{"dtype":"number","min":-11.741487896396029,"max":298.58834233265446},"9":{"dtype":"number","min":-8.959017838949359,"max":303.44512583216806},"10":{"dtype":"number","min":-14.879641551451925,"max":301.03736016536965},"11":{"dtype":"number","min":-13.352657941528797,"max":261.12218478310433},"12":{"dtype":"number","min":3.0280777452520824,"max":309.83376113357247},"13":{"dtype":"number","min":-7.2417561646101545,"max":261.5006502500304},"14":{"dtype":"number","min":-6.321362298750229,"max":303.9132916046024},"15":{"dtype":"number","min":-5.276926946083396,"max":312.0747013314689},"16":{"dtype":"number","min":-10.406763915421898,"max":303.1029964699356},"17":{"dtype":"number","min":-7.969402803057363,"max":282.5591328542984},"18":{"dtype":"number","min":-5.303868431061622,"max":304.81399951741855},"19":{"dtype":"number","min":-2.9324541759862046,"max":305.0256038918106},"20":{"dtype":"number","min":-12.106483177452237,"max":304.3508566771036},"21":{"dtype":"number","min":-3.107785065350366,"max":303.154116381931},"22":{"dtype":"number","min":-7.570631309242101,"max":302.2520547710968},"23":{"dtype":"number","min":21.186202231084327,"max":294.155533490014},"24":{"dtype":"number","min":-11.072933627473706,"max":299.4143118654244},"25":{"dtype":"number","min":-0.820102000514821,"max":310.83870379377436},"26":{"dtype":"number","min":-9.108229091659132,"max":308.20380184900904},"27":{"dtype":"number","min":54.60463794752782,"max":305.16457168044747},"28":{"dtype":"number","min":-11.50110519349807,"max":310.59361320525295},"29":{"dtype":"number","min":44.37859828370091,"max":301.78182282800344},"30":{"dtype":"number","min":-6.341727883899258,"max":303.29002053821137},"31":{"dtype":"number","min":63.88110743422453,"max":303.8850420643847},"32":{"dtype":"number","min":-7.488440910665906,"max":300.1133187735591},"33":{"dtype":"number","min":63.6646849635974,"max":301.3405885214008}},"outputs":{"0":{"dtype":"string","min":0,"max":1,"uniqueValues":["NULL","Bow","Padmasan","Paschimotanasan","Plank","tree"],"legend":{"NULL":[1,0,0,0,0,0],"Bow":[0,1,0,0,0,0],"Padmasan":[0,0,1,0,0,0],"Paschimotanasan":[0,0,0,1,0,0],"Plank":[0,0,0,0,1,0],"tree":[0,0,0,0,0,1]}}},"isNormalized":true}