{"inputUnits":[34],"outputUnits":3,"inputs":{"0":{"dtype":"number","min":-22.340445759695328,"max":285.1997167683761},"1":{"dtype":"number","min":4.1166786089945395,"max":280.6503474016598},"2":{"dtype":"number","min":-18.516477072749158,"max":283.1689381877736},"3":{"dtype":"number","min":1.9067920599466168,"max":282.08735128321075},"4":{"dtype":"number","min":-21.956850489753695,"max":280.1802401412786},"5":{"dtype":"number","min":1.978173051826685,"max":281.39074897023954},"6":{"dtype":"number","min":-20.5426034296533,"max":286.26269032519156},"7":{"dtype":"number","min":1.1223857040999001,"max":305.7117862924064},"8":{"dtype":"number","min":-22.994101557750184,"max":278.08391407769943},"9":{"dtype":"number","min":-4.798846114934187,"max":283.2405060645671},"10":{"dtype":"number","min":-24.445815772861824,"max":302.32112899364665},"11":{"dtype":"number","min":-29.79487333780133,"max":283.593073150991},"12":{"dtype":"number","min":-21.780181766020185,"max":286.58403329812137},"13":{"dtype":"number","min":-22.139813463975486,"max":281.9546532538151},"14":{"dtype":"number","min":-28.597262490120382,"max":271.53167724609375},"15":{"dtype":"number","min":-22.607371408187927,"max":280.6941644690844},"16":{"dtype":"number","min":-24.55046687144714,"max":291.04478888010703},"17":{"dtype":"number","min":-21.299478701580362,"max":282.8361065935068},"18":{"dtype":"number","min":-29.865343561432244,"max":283.0895331119285},"19":{"dtype":"number","min":-12.224296094842458,"max":280.1675581282679},"20":{"dtype":"number","min":-33.44108566699789,"max":275.881607708764},"21":{"dtype":"number","min":-11.762924416983639,"max":280.0922675819249},"22":{"dtype":"number","min":-28.08305539973515,"max":290.8408435866063},"23":{"dtype":"number","min":-11.974198159540675,"max":280.79679615302774},"24":{"dtype":"number","min":-23.535015239789793,"max":282.02390559452516},"25":{"dtype":"number","min":-2.374542176955405,"max":284.2220618103265},"26":{"dtype":"number","min":-30.09056284269934,"max":287.83308689696315},"27":{"dtype":"number","min":7.481825490869901,"max":281.84373907541953},"28":{"dtype":"number","min":-26.697382945494894,"max":284.19990391118984},"29":{"dtype":"number","min":-20.344872233468735,"max":282.95439486373726},"30":{"dtype":"number","min":-30.64298518436892,"max":275.7301894607247},"31":{"dtype":"number","min":-4.378041961313686,"max":251.53545572600012},"32":{"dtype":"number","min":-29.954102067168122,"max":277.09330992939874},"33":{"dtype":"number","min":-8.142587090280733,"max":259.3511737274289}},"outputs":{"0":{"dtype":"string","min":0,"max":1,"uniqueValues":["NULL","up","down"],"legend":{"NULL":[1,0,0],"up":[0,1,0],"down":[0,0,1]}}},"isNormalized":true}