{"inputUnits":[34],"outputUnits":3,"inputs":{"0":{"dtype":"number","min":-22.340445759695328,"max":263.5534086116093},"1":{"dtype":"number","min":3.641374194668425,"max":280.7631852561862},"2":{"dtype":"number","min":-18.516477072749158,"max":265.14867047855364},"3":{"dtype":"number","min":0.6751521552119274,"max":281.8775815258694},"4":{"dtype":"number","min":-21.95779674248009,"max":264.10783700905887},"5":{"dtype":"number","min":0.44043813234173373,"max":282.6689961355484},"6":{"dtype":"number","min":-20.300966106963994,"max":269.6793552502584},"7":{"dtype":"number","min":0.3787968293238243,"max":306.04201736153334},"8":{"dtype":"number","min":-22.994101557750184,"max":256.6291363786631},"9":{"dtype":"number","min":0.5823416352735883,"max":283.3458985799945},"10":{"dtype":"number","min":-23.489630732554872,"max":259.70062374604817},"11":{"dtype":"number","min":-20.926753092368756,"max":284.6363468392814},"12":{"dtype":"number","min":-32.21240210625912,"max":244.56207631626947},"13":{"dtype":"number","min":-26.437219107661267,"max":281.32096227504866},"14":{"dtype":"number","min":-28.597262490120382,"max":268.96791569453734},"15":{"dtype":"number","min":-19.024130528075222,"max":280.6941644690844},"16":{"dtype":"number","min":-24.650019337694935,"max":266.45605777488146},"17":{"dtype":"number","min":-21.299478701580362,"max":282.8361065935068},"18":{"dtype":"number","min":-29.865343561432244,"max":245.56163980803137},"19":{"dtype":"number","min":-16.012114587924824,"max":280.1675581282679},"20":{"dtype":"number","min":-33.44108566699789,"max":251.3378158153727},"21":{"dtype":"number","min":-11.989794630948673,"max":280.0922675819249},"22":{"dtype":"number","min":-30.682077667592566,"max":272.089970807621},"23":{"dtype":"number","min":-17.810143942035126,"max":280.7632386916343},"24":{"dtype":"number","min":-21.63931479249947,"max":284.18330329865336},"25":{"dtype":"number","min":-20.96558062482901,"max":278.49162654654066},"26":{"dtype":"number","min":-26.37006856124225,"max":286.38678524744654},"27":{"dtype":"number","min":-13.397506981044428,"max":271.25251265351415},"28":{"dtype":"number","min":-26.371934348971003,"max":251.5834585701909},"29":{"dtype":"number","min":6.686704910218948,"max":240.19803889530644},"30":{"dtype":"number","min":-20.786950374855607,"max":279.7271787888345},"31":{"dtype":"number","min":-4.378041961313686,"max":257.30322455617704},"32":{"dtype":"number","min":-21.72716489561801,"max":283.35015560402485},"33":{"dtype":"number","min":-8.142587090280733,"max":262.92680673562137}},"outputs":{"0":{"dtype":"string","min":0,"max":1,"uniqueValues":["NULL","up","down"],"legend":{"NULL":[1,0,0],"up":[0,1,0],"down":[0,0,1]}}},"isNormalized":true}