{"inputUnits":[34],"outputUnits":3,"inputs":{"0":{"dtype":"number","min":-23.26837903330762,"max":322.82153177817975},"1":{"dtype":"number","min":5.352550684709961,"max":308.99977628359073},"2":{"dtype":"number","min":-18.06370627555402,"max":317.20436185250486},"3":{"dtype":"number","min":45.49389894834289,"max":322.427712525839},"4":{"dtype":"number","min":-23.588305966863373,"max":254.62525364026024},"5":{"dtype":"number","min":48.85197573413181,"max":311.6476096067911},"6":{"dtype":"number","min":-18.858941519770642,"max":317.8404930500669},"7":{"dtype":"number","min":32.383365408455816,"max":327.15229672680573},"8":{"dtype":"number","min":-24.209210288199934,"max":280.8752928262555},"9":{"dtype":"number","min":32.3486595599104,"max":327.80613286949784},"10":{"dtype":"number","min":-23.23421151721524,"max":325.05495538971303},"11":{"dtype":"number","min":42.389801411313314,"max":307.29896159487475},"12":{"dtype":"number","min":-27.323020756940434,"max":327.09618950632296},"13":{"dtype":"number","min":44.7865498464859,"max":305.41375898665495},"14":{"dtype":"number","min":-29.730002703833673,"max":327.277976900687},"15":{"dtype":"number","min":-54.65601984165058,"max":306.81216466287697},"16":{"dtype":"number","min":-28.377604948407484,"max":328.7229426640017},"17":{"dtype":"number","min":-60.62327099217515,"max":306.47911932681785},"18":{"dtype":"number","min":-29.023129652446347,"max":327.345091823474},"19":{"dtype":"number","min":-53.6967622630791,"max":304.8718166722398},"20":{"dtype":"number","min":-31.794122777560343,"max":328.9230049816087},"21":{"dtype":"number","min":-53.690695113245155,"max":306.94418584326365},"22":{"dtype":"number","min":-24.893197382470515,"max":325.49718715801316},"23":{"dtype":"number","min":-55.3957204484754,"max":263.9491159164488},"24":{"dtype":"number","min":-25.773317062437304,"max":327.7712573337184},"25":{"dtype":"number","min":-54.39385267176053,"max":266.4239965060342},"26":{"dtype":"number","min":-29.487448072619014,"max":329.38586283286725},"27":{"dtype":"number","min":-42.94292954619293,"max":306.80365061481643},"28":{"dtype":"number","min":-27.86591822998997,"max":328.79760979678383},"29":{"dtype":"number","min":-43.296565341578386,"max":304.7178157108767},"30":{"dtype":"number","min":-10.109581557693184,"max":329.1317950890686},"31":{"dtype":"number","min":-55.808853186522015,"max":278.15772624331225},"32":{"dtype":"number","min":-28.656840788251234,"max":328.6022854222398},"33":{"dtype":"number","min":-58.339345316014864,"max":265.10351752492704}},"outputs":{"0":{"dtype":"string","min":0,"max":1,"uniqueValues":["plank","pushup","NULL"],"legend":{"plank":[1,0,0],"pushup":[0,1,0],"NULL":[0,0,1]}}},"isNormalized":true}