{"inputUnits":[34],"outputUnits":4,"inputs":{"0":{"dtype":"number","min":-22.340445759695328,"max":266.55790573891966},"1":{"dtype":"number","min":3.641374194668425,"max":280.7631852561862},"2":{"dtype":"number","min":-18.516477072749158,"max":271.30014144956834},"3":{"dtype":"number","min":0.6751521552119274,"max":281.8775815258694},"4":{"dtype":"number","min":-21.95779674248009,"max":269.20768055006687},"5":{"dtype":"number","min":0.44043813234173373,"max":282.6689961355484},"6":{"dtype":"number","min":-20.300966106963994,"max":263.9285610807545},"7":{"dtype":"number","min":0.3787968293238243,"max":306.285255521188},"8":{"dtype":"number","min":-22.994101557750184,"max":253.56780174641295},"9":{"dtype":"number","min":0.5823416352735883,"max":283.3458985799945},"10":{"dtype":"number","min":-23.489630732554872,"max":252.49079247856884},"11":{"dtype":"number","min":-18.779434025983402,"max":284.6363468392814},"12":{"dtype":"number","min":-22.128592019878937,"max":238.6509758025292},"13":{"dtype":"number","min":-14.263124503050333,"max":281.32096227504866},"14":{"dtype":"number","min":-28.597262490120382,"max":251.42867388892267},"15":{"dtype":"number","min":-18.112110998843896,"max":280.6941644690844},"16":{"dtype":"number","min":-24.650019337694935,"max":251.70254837214253},"17":{"dtype":"number","min":-21.299478701580362,"max":282.8361065935068},"18":{"dtype":"number","min":-29.865343561432244,"max":251.80947270374818},"19":{"dtype":"number","min":-16.012114587924824,"max":280.1675581282679},"20":{"dtype":"number","min":-33.44108566699789,"max":251.3378158153727},"21":{"dtype":"number","min":-11.989794630948673,"max":280.0922675819249},"22":{"dtype":"number","min":-30.682077667592566,"max":244.24438476562503},"23":{"dtype":"number","min":-17.810143942035126,"max":280.7632386916343},"24":{"dtype":"number","min":-21.63931479249947,"max":244.83630703580985},"25":{"dtype":"number","min":-20.96558062482901,"max":278.49162654654066},"26":{"dtype":"number","min":-26.37006856124225,"max":251.32632719403577},"27":{"dtype":"number","min":-13.397506981044428,"max":239.54648266506567},"28":{"dtype":"number","min":-26.371934348971003,"max":230.46532419405096},"29":{"dtype":"number","min":6.686704910218948,"max":240.19803889530644},"30":{"dtype":"number","min":-20.786950374855607,"max":220.87879106692304},"31":{"dtype":"number","min":-4.378041961313686,"max":276.3521068290978},"32":{"dtype":"number","min":-21.72716489561801,"max":220.36461737369285},"33":{"dtype":"number","min":-8.142587090280733,"max":278.28704002766295}},"outputs":{"0":{"dtype":"string","min":0,"max":1,"uniqueValues":["NULL","down","up","squat"],"legend":{"NULL":[1,0,0,0],"down":[0,1,0,0],"up":[0,0,1,0],"squat":[0,0,0,1]}}},"isNormalized":true}