{"inputUnits":[34],"outputUnits":6,"inputs":{"0":{"dtype":"number","min":-24.7160499661813,"max":266.91179089972945},"1":{"dtype":"number","min":5.358300739689099,"max":237.52894526975166},"2":{"dtype":"number","min":-25.598226910899122,"max":273.22210764606643},"3":{"dtype":"number","min":43.49087370044991,"max":238.20444046198628},"4":{"dtype":"number","min":-24.8826082578429,"max":259.70299271757966},"5":{"dtype":"number","min":37.599926811247954,"max":247.22501233765126},"6":{"dtype":"number","min":-20.889299296219527,"max":274.00625503480666},"7":{"dtype":"number","min":30.749652818019285,"max":236.7965660837374},"8":{"dtype":"number","min":-21.626966751039262,"max":264.07365613410445},"9":{"dtype":"number","min":31.530829284905465,"max":233.5984166957989},"10":{"dtype":"number","min":-24.9039690782124,"max":263.0185732117887},"11":{"dtype":"number","min":40.69405792473819,"max":241.79803270866898},"12":{"dtype":"number","min":-24.07111973150231,"max":251.3871011103174},"13":{"dtype":"number","min":41.39481404226578,"max":241.69652435658975},"14":{"dtype":"number","min":-28.24930198461629,"max":264.30576190874274},"15":{"dtype":"number","min":60.44421452028743,"max":235.55201649944144},"16":{"dtype":"number","min":-25.18962162477961,"max":239.8140339535962},"17":{"dtype":"number","min":43.52103587347246,"max":237.00944768408397},"18":{"dtype":"number","min":-14.307505982395277,"max":269.34864326209873},"19":{"dtype":"number","min":29.847496121773926,"max":232.59196596850683},"20":{"dtype":"number","min":48.53174276389037,"max":260.9990160752827},"21":{"dtype":"number","min":31.48872137997401,"max":238.35063296069433},"22":{"dtype":"number","min":-23.14328219640116,"max":254.6617856749301},"23":{"dtype":"number","min":-45.836815607686916,"max":270.8717850859527},"24":{"dtype":"number","min":-22.918051782749043,"max":250.9372993202061},"25":{"dtype":"number","min":-42.458457256569474,"max":255.99243520298822},"26":{"dtype":"number","min":78.31539347014075,"max":257.114633048091},"27":{"dtype":"number","min":-42.85480224668748,"max":252.08117414541283},"28":{"dtype":"number","min":50.0801428412649,"max":251.31597852892452},"29":{"dtype":"number","min":-41.13701911659092,"max":254.1752737319887},"30":{"dtype":"number","min":42.17544140055022,"max":258.7609970152146},"31":{"dtype":"number","min":-37.30340675250102,"max":267.0112164567881},"32":{"dtype":"number","min":-27.195817672788866,"max":252.43192442660202},"33":{"dtype":"number","min":-40.388709999707885,"max":264.4958852330071}},"outputs":{"0":{"dtype":"string","min":0,"max":1,"uniqueValues":["plank","padmasan","paschim","bow","tree","NULL"],"legend":{"plank":[1,0,0,0,0,0],"padmasan":[0,1,0,0,0,0],"paschim":[0,0,1,0,0,0],"bow":[0,0,0,1,0,0],"tree":[0,0,0,0,1,0],"NULL":[0,0,0,0,0,1]}}},"isNormalized":true}