{"inputUnits":[34],"outputUnits":3,"inputs":{"0":{"dtype":"number","min":-24.7160499661813,"max":228.6158520887798},"1":{"dtype":"number","min":5.358300739689099,"max":237.52894526975166},"2":{"dtype":"number","min":-25.598226910899122,"max":228.6233686751429},"3":{"dtype":"number","min":43.49087370044991,"max":238.20444046198628},"4":{"dtype":"number","min":-24.8826082578429,"max":215.64494923394943},"5":{"dtype":"number","min":37.599926811247954,"max":247.22501233765126},"6":{"dtype":"number","min":-20.889299296219527,"max":241.53362229640382},"7":{"dtype":"number","min":30.749652818019285,"max":236.7965660837374},"8":{"dtype":"number","min":-21.626966751039262,"max":264.07365613410445},"9":{"dtype":"number","min":31.530829284905465,"max":233.5984166957989},"10":{"dtype":"number","min":-24.9039690782124,"max":236.23560449028759},"11":{"dtype":"number","min":40.69405792473819,"max":241.79803270866898},"12":{"dtype":"number","min":-24.07111973150231,"max":232.99278526454586},"13":{"dtype":"number","min":41.39481404226578,"max":241.69652435658975},"14":{"dtype":"number","min":-28.24930198461629,"max":233.87959996086153},"15":{"dtype":"number","min":60.44421452028743,"max":235.55201649944144},"16":{"dtype":"number","min":-25.18962162477961,"max":225.7351827064841},"17":{"dtype":"number","min":43.52103587347246,"max":237.00944768408397},"18":{"dtype":"number","min":-14.307505982395277,"max":234.02111483919018},"19":{"dtype":"number","min":29.847496121773926,"max":142.29317750448385},"20":{"dtype":"number","min":86.42134610780947,"max":236.46667717959633},"21":{"dtype":"number","min":31.48872137997401,"max":200.05740516751658},"22":{"dtype":"number","min":-23.14328219640116,"max":235.16981666654002},"23":{"dtype":"number","min":-45.836815607686916,"max":173.13656936823628},"24":{"dtype":"number","min":-22.918051782749043,"max":228.17915979526387},"25":{"dtype":"number","min":-42.458457256569474,"max":170.48797013694676},"26":{"dtype":"number","min":78.31539347014075,"max":232.65993585846306},"27":{"dtype":"number","min":-42.85480224668748,"max":224.6377076620258},"28":{"dtype":"number","min":50.0801428412649,"max":237.84566797634972},"29":{"dtype":"number","min":-41.13701911659092,"max":209.00297647320343},"30":{"dtype":"number","min":65.22756940195997,"max":234.36525693663364},"31":{"dtype":"number","min":-37.30340675250102,"max":267.0112164567881},"32":{"dtype":"number","min":-27.195817672788866,"max":240.11610454158563},"33":{"dtype":"number","min":-40.388709999707885,"max":264.4958852330071}},"outputs":{"0":{"dtype":"string","min":0,"max":1,"uniqueValues":["pashimo","tree","NULL"],"legend":{"pashimo":[1,0,0],"tree":[0,1,0],"NULL":[0,0,1]}}},"isNormalized":true}